Pose_Class,kpt_0,kpt_1,kpt_2,kpt_3,kpt_4,kpt_5,kpt_6,kpt_7,kpt_8,kpt_9,kpt_10,kpt_11,kpt_12,kpt_13,kpt_14,kpt_15,kpt_16,kpt_17,kpt_18,kpt_19,kpt_20,kpt_21,kpt_22,kpt_23,kpt_24,kpt_25,kpt_26,kpt_27,kpt_28,kpt_29,kpt_30,kpt_31,kpt_32,kpt_33
정면_누움,343.485,376.02063,334.85468,359.00003,337.2374,376.40668,352.97385,315.8179,352.11646,359.92792,387.51822,271.71204,402.41016,362.63998,440.27454,281.2741,437.15762,360.06335,385.43048,318.23645,405.499,335.59128,616.83,301.12323,623.71014,370.95856,691.1562,279.72647,707.1434,452.22974,843.8112,293.19757,854.34503,466.90988
정면_누움,345.29788,376.79266,334.90073,358.43494,334.3879,380.17355,341.36777,318.64865,340.53775,372.1527,377.23712,273.93872,394.6062,372.92133,429.08368,264.29266,437.61105,377.33682,389.96512,310.66376,392.4371,345.7477,608.35266,301.7363,616.38605,370.31744,702.4289,291.8509,714.05145,431.6127,867.0625,315.20444,863.6709,453.24493
정면_누움,346.63763,375.41302,336.31775,356.6626,335.02298,377.85333,342.41754,317.32657,340.05585,369.22885,379.8128,280.40732,397.6125,367.68677,428.4511,278.7686,438.51196,367.31342,386.33658,308.82175,393.22894,336.66016,616.323,308.57843,623.72644,371.27692,703.7548,296.7571,713.28723,425.99344,866.701,315.55872,858.8482,444.4096
정면_누움,342.18878,374.0063,331.08176,356.8852,329.70657,378.0291,337.82,325.54733,336.18878,377.70267,379.31223,285.04626,388.6187,381.4253,427.974,259.5334,443.58527,402.62775,402.1742,300.32004,397.67834,360.24316,601.8244,307.34357,603.07227,371.19913,726.77527,312.8011,719.69214,408.87234,880.406,345.8161,875.9325,439.55106
정면_누움,340.4732,385.6165,330.61148,370.19122,331.00485,388.9454,339.91803,337.29187,340.72784,383.89502,384.46533,286.50128,391.51184,380.90445,431.22058,247.37256,428.21555,378.43588,372.43155,315.45734,378.91272,373.68732,610.42645,315.03403,612.1572,381.263,721.46747,290.69025,725.7199,413.671,873.45514,319.47842,868.43475,439.0448
정면_누움,343.35205,379.40894,332.39923,364.6605,334.75092,385.18472,341.9803,334.7461,347.92413,385.1582,392.80756,283.24734,397.7943,390.34106,435.09634,241.37848,445.80484,411.09842,376.8974,312.17282,381.5257,387.3393,616.1577,313.7114,615.1125,382.2164,733.65234,305.80655,725.36926,413.17215,879.49365,338.74768,877.22363,437.73734
정면_누움,341.8211,377.54773,331.93973,363.31204,332.4452,384.11554,341.92722,337.03058,342.96692,387.69385,386.71283,283.73474,389.74152,392.17017,434.8535,241.09583,438.49652,403.98163,373.28107,313.25882,381.47064,381.1736,600.6755,301.8158,599.58716,373.14185,726.7804,293.25903,724.5078,416.86584,875.053,321.64697,873.02966,437.6939
정면_누움,347.22562,379.9939,337.48853,363.54947,337.30615,383.64545,348.10483,328.4973,346.97864,378.0051,389.2458,288.13406,404.99158,374.58148,433.54785,272.3177,436.67285,359.383,363.21136,313.9927,375.7912,337.00555,614.6881,309.3133,621.8326,370.9789,697.1381,296.63232,710.0047,429.10983,865.4384,310.0227,861.75507,443.278
정면_누움,348.1159,378.45554,338.6485,361.48227,337.9985,384.76337,349.75412,328.2404,346.2721,384.15247,389.0376,280.18497,398.53485,389.25,443.45605,254.83405,432.5448,386.17966,365.20337,314.26678,374.2754,364.0682,604.5628,304.6582,609.6264,378.06808,696.3704,285.13586,714.14746,440.98776,866.4149,304.4643,868.93787,453.16638
정면_누움,346.5244,376.75134,336.6318,361.84656,339.74377,380.7135,354.6137,324.2168,355.42435,371.4361,391.849,277.60678,407.6471,367.62274,431.0077,269.95224,429.67688,349.5561,360.223,303.6596,378.15652,316.95084,620.2329,290.0929,625.97107,357.46378,695.57794,281.15097,705.25507,442.91492,847.5304,294.1642,852.50214,459.98053
정면_누움,343.7655,379.3365,334.64316,363.451,338.64066,383.0737,349.92514,323.1931,353.91614,371.28754,382.85168,273.58676,402.93933,371.42004,418.89697,269.83618,430.90186,363.25824,350.96277,314.69012,379.42145,338.38422,614.69275,285.97495,623.4333,357.3092,687.4491,267.77158,704.39526,439.03915,844.1223,292.35004,854.4061,456.07623
정면_누움,344.8751,379.66144,334.711,364.3022,334.63745,384.61505,343.30237,335.34662,343.43875,385.28668,386.8945,285.08435,393.69156,387.1349,429.59406,243.60028,435.85205,396.943,377.653,312.6761,378.18542,393.99066,609.82477,306.86356,610.4555,375.15118,728.9882,294.21167,726.7009,411.6643,878.49097,320.6598,873.4424,433.05728
정면_누움,348.2689,380.42175,339.05164,364.37286,339.48547,383.43985,350.65833,329.3193,351.23578,376.94678,389.5594,283.54443,404.02808,374.57138,437.56403,261.20004,433.75677,363.54153,367.78705,311.7947,376.56476,347.08243,610.81396,309.8355,617.7691,374.504,697.4497,295.29944,712.29553,434.46802,866.57544,302.62735,863.71204,447.97974
정면_누움,348.4086,383.16034,339.4549,365.9387,339.55106,386.8159,351.7914,328.0111,350.82407,379.17245,389.0606,280.4643,403.78403,378.7239,432.41495,257.8815,435.38507,369.9867,360.54813,309.976,376.1157,342.31512,609.9928,306.5132,616.317,374.58484,700.1112,292.3011,712.2357,437.259,867.53156,308.594,863.3971,452.62457
정면_누움,340.7915,380.86237,331.62845,367.16815,333.55325,382.3744,341.33752,338.98785,346.56256,377.23682,387.0658,292.5904,396.08777,366.1587,429.84076,249.2132,428.62665,347.4186,377.6808,311.5885,380.41388,358.62546,606.4738,317.36786,608.13904,373.4347,725.98834,305.38574,725.3454,411.1043,873.5316,331.60968,863.4695,443.234
정면_누움,341.60623,379.97287,332.2505,365.7793,333.57672,383.8319,341.2159,336.87033,344.80722,381.4801,385.00348,286.14236,392.6342,381.076,431.35022,248.55084,436.8191,388.7576,373.49762,317.13492,377.21185,380.48724,603.38904,308.69098,604.5919,373.46423,719.845,302.22333,716.9804,416.90924,876.23834,327.7417,868.1898,439.05804
정면_누움,344.11508,377.76462,335.96045,360.47272,337.7719,380.75714,351.93555,318.30954,352.18112,367.58832,387.08682,272.22324,403.95605,369.15854,424.4802,269.3783,427.96985,353.29108,355.23785,318.50314,374.53604,333.09332,625.5123,298.71368,633.1165,370.43884,689.8896,265.57538,710.0086,442.5658,844.14453,287.94012,857.00336,455.17203
정면_누움,347.7296,381.17694,337.9897,365.4873,341.97296,384.45538,353.41266,325.56964,357.28854,372.31503,390.39682,280.3025,407.3537,366.82623,433.9762,273.61548,432.4986,346.77502,364.25308,320.4519,376.1074,329.9291,612.39435,297.92404,619.5474,363.34772,692.077,279.19885,707.3268,438.04846,844.369,296.1429,855.43274,454.3952
정면_누움,348.58142,378.8067,339.24866,362.08606,342.37537,382.32758,355.2141,320.8207,357.7056,370.37354,390.11847,274.2412,410.0943,373.0804,439.59827,265.51785,438.26974,353.28317,364.83252,301.6878,385.38568,320.47217,622.75195,305.47784,632.1583,378.59116,690.59015,272.9981,707.19147,456.2155,847.19714,294.6403,852.7557,470.32837
정면_누움,350.21213,375.07117,339.0593,355.4835,340.68054,381.5164,356.5147,312.35645,353.54492,374.2594,390.8738,267.26965,407.30383,377.52832,433.55383,267.43607,436.48157,379.3648,364.37717,300.88464,390.92307,342.92883,611.86127,291.82214,617.32715,368.4135,690.1857,277.89386,702.3747,454.51086,849.3324,298.69794,853.80396,469.1175
정면_누움,322.24066,333.67108,318.82715,321.2855,318.60858,334.26038,346.72992,298.56488,340.54565,330.90338,384.94974,275.0724,388.7324,345.18988,411.56363,279.38333,405.80316,319.65036,348.09946,272.62885,374.89014,265.5343,611.0062,305.4673,609.75385,366.80728,695.38025,280.54135,701.7181,442.4842,846.143,301.696,852.01953,465.31226
정면_누움,341.85837,333.90085,335.86942,323.2583,334.098,333.6777,344.74274,305.0735,340.63684,333.13766,379.98175,282.6315,381.84467,340.2533,434.19366,278.0667,402.61884,305.7729,394.81165,278.83365,388.01624,264.23816,599.1997,312.07288,601.79315,366.62952,689.0151,291.72253,702.34686,429.64783,863.81323,311.0027,862.4075,462.78268
정면_누움,342.30453,330.09003,338.0703,320.24805,335.44434,331.5111,343.5794,304.9583,340.53906,333.61923,374.0728,278.90027,378.09058,343.8524,425.92438,259.77716,407.97882,311.31357,393.6283,292.06094,397.89752,286.54056,590.24133,307.65186,593.6885,364.70535,685.41205,290.31042,698.28564,429.6165,867.34674,315.7598,867.21484,455.25958
정면_누움,338.42636,336.1416,334.18356,324.4428,331.64993,337.0441,343.27286,305.7448,339.2496,337.44635,374.99146,276.46075,377.55466,348.94904,427.28674,255.41049,406.57864,316.97546,392.59277,283.2256,393.49207,284.7562,590.28485,311.03076,592.5373,372.66028,695.3375,286.7248,708.03015,438.28174,869.5259,322.7888,868.51965,475.12085
정면_누움,339.63257,338.12445,334.94772,326.68054,332.6845,339.72424,344.46808,306.56448,341.37958,339.39743,378.4225,274.97223,379.82776,351.57712,439.66644,257.02975,407.4273,322.92236,398.06223,280.54715,394.4217,282.6973,596.41614,310.06082,599.5269,373.7849,686.8219,281.6016,704.263,440.12946,865.7763,309.45166,866.58496,467.8955
정면_누움,335.3134,338.61444,329.56598,327.54382,332.75095,339.85593,346.98993,302.0847,349.19736,333.3814,379.83298,267.9224,386.8592,342.0108,426.16626,272.19617,407.18585,324.05637,374.66104,292.4478,389.97806,288.94995,596.54333,297.1152,599.3895,361.34402,677.1687,275.37558,690.5365,445.33075,844.96155,303.81818,852.69635,474.74176
정면_누움,338.63348,340.03998,333.57468,327.4654,330.14822,341.6548,344.69922,305.16818,337.82068,340.95184,374.8819,275.02603,377.97083,349.011,426.4665,261.72607,404.47357,325.88812,392.98254,286.08118,392.55627,293.14676,587.4005,304.8642,589.651,366.39465,688.9613,288.08313,700.83936,434.903,863.183,312.48083,861.8069,466.45303
정면_누움,333.46075,344.523,327.76843,331.6178,323.11063,346.29086,337.86765,313.0346,330.38446,349.63397,375.9417,286.28085,370.25092,351.59192,416.78345,241.03839,399.6032,316.10556,393.5771,271.55927,391.11813,283.5064,586.2248,314.5919,579.7245,368.58856,710.26215,312.3803,705.01215,414.3919,872.85254,357.26596,866.1902,463.1064
정면_누움,338.78543,342.94394,333.76752,328.87537,329.4843,342.94775,345.85602,304.07825,336.2088,339.77496,378.17722,279.23956,380.74124,346.96014,419.83374,272.22952,404.9461,317.82822,379.89255,281.32278,388.12714,273.19202,599.74097,309.50983,600.2555,367.8558,696.6814,290.8257,706.0303,430.19623,865.565,319.1632,860.6233,465.41992
정면_누움,338.86444,339.89673,334.3074,326.3541,330.46072,341.91653,344.062,303.33203,336.258,341.0843,372.5739,274.01068,374.13092,351.5395,425.67892,266.73038,403.58386,332.94162,390.4794,288.3876,391.31686,293.70026,580.22314,303.72858,581.7782,367.17828,685.5704,288.21024,698.6703,440.8393,865.9399,319.65604,863.7546,471.28137
정면_누움,339.3604,341.2791,334.1009,327.84216,331.10858,342.10086,343.92307,303.99518,337.48108,339.67004,375.78802,277.0424,377.41943,347.98328,422.86734,265.52246,404.9412,322.3562,384.15363,288.52725,389.45526,283.98383,588.2858,308.6151,588.0832,368.394,696.6173,293.5092,700.053,434.73987,869.6575,323.26706,860.2116,467.6669
정면_누움,338.89944,344.47617,333.39706,329.78677,329.49762,346.57648,343.9343,304.00037,335.71655,345.22528,373.87872,273.7597,372.2516,355.64133,420.61038,265.6912,391.11755,352.44116,386.92728,293.29425,373.63922,334.26376,584.4633,304.4677,583.0115,368.57928,690.1267,293.63828,694.79333,436.66464,871.4933,317.79712,863.62744,464.45215
정면_누움,339.70615,346.1046,334.33243,331.5516,330.33786,346.7821,346.95407,305.5136,337.43542,343.21866,382.57324,278.66788,381.50677,349.5643,433.08102,273.5582,403.9054,326.09497,380.59424,274.9284,382.14233,278.626,598.5954,309.31415,597.8037,368.80264,693.87524,293.56592,702.6936,436.73654,868.2666,317.81982,861.5141,466.00317
정면_누움,332.84912,346.7554,327.2862,331.10678,322.635,348.53998,342.8125,309.32785,333.9613,352.20724,379.97662,279.79312,369.09756,369.2255,412.63086,246.0426,386.5349,390.3371,390.36832,266.81256,368.75275,373.73233,591.80743,315.79767,581.7238,379.65912,721.53467,304.95084,709.86694,410.88998,875.6128,349.10535,865.2272,454.43402
정면_누움,333.0161,347.67822,327.279,332.0051,321.7591,348.4665,341.5211,309.53503,331.1206,350.0783,378.37567,286.79755,372.77145,358.85037,411.9191,261.15054,396.2317,355.1407,385.58878,261.01965,385.80594,300.54794,591.732,317.69397,584.688,373.64996,712.9706,314.88983,708.28564,410.73395,875.5918,359.17764,867.82056,456.22452
정면_누움,335.79694,346.29083,330.7973,331.70966,327.27777,346.6765,344.20428,304.57828,335.7593,341.9304,377.02783,275.47162,377.33713,351.5893,425.39697,270.5825,402.78748,333.89493,387.80722,284.5359,390.2071,286.61514,592.48785,303.61487,592.59454,366.08966,695.44885,288.9765,703.38074,436.318,866.82056,319.306,861.4541,469.45667
정면_누움,332.9149,344.19406,326.97852,329.1181,321.5257,346.8009,342.0973,310.29752,330.7019,354.0544,380.65604,282.9097,366.88635,372.91345,417.3169,243.69617,381.52087,392.50592,385.17773,256.01245,360.1021,386.72864,591.9303,317.05435,581.04834,380.601,710.65393,310.34488,703.2102,416.44345,866.60547,356.3028,859.878,463.69293
정면_누움,331.63412,342.20374,325.10812,330.3819,328.2558,343.81082,346.43637,304.57898,346.37866,338.6717,383.70496,271.24683,386.38412,348.2544,430.91373,272.46228,404.0418,324.64703,369.79895,272.34393,384.68192,272.99722,603.32654,290.8116,604.1122,356.7812,684.55853,270.46378,699.55756,444.1936,842.9042,299.97736,856.4823,477.39062
정면_누움,333.19174,348.6784,324.32605,332.63446,320.95142,354.2899,339.68463,312.02075,330.0194,362.45068,380.41727,290.11847,386.04156,378.52277,444.34793,328.44305,456.86005,432.23477,438.9243,366.9589,441.40137,400.33682,592.9994,306.30554,594.6489,368.7251,707.8533,299.46545,707.9014,407.6156,867.2695,338.06323,860.57465,448.99384
정면_누움,331.85623,352.48386,322.90933,338.71796,329.96014,355.51624,335.2439,303.2471,346.04004,344.4785,366.5521,259.32883,384.2601,353.57977,426.37247,277.73544,432.30188,373.1447,402.5922,333.7535,440.495,390.14194,593.54675,293.00916,601.9376,367.7102,687.78577,271.5768,704.5272,456.23535,847.1549,286.2041,855.2013,465.69684
정면_누움,327.44727,352.5893,320.3865,339.0614,319.37244,357.21045,331.81573,315.6498,331.7234,358.94788,366.72284,273.57904,362.07007,367.87872,414.32288,261.07938,417.62915,405.56622,407.52795,330.39252,472.1753,443.6092,581.674,298.5276,575.72894,370.59998,713.04083,283.94308,708.97504,421.51007,874.95294,305.97223,868.21045,444.71033
정면_누움,353.45792,371.43924,352.34,359.75208,354.61728,370.44916,383.209,324.81146,380.49692,352.0257,408.1238,278.11664,417.7085,354.01648,401.691,292.66986,418.0927,352.05637,309.1499,333.4262,343.50742,343.59882,618.83704,299.28058,620.25037,361.70242,694.80743,268.65692,702.04083,436.03644,848.459,289.3567,859.91766,457.08057
정면_누움,339.99985,371.78583,333.6885,356.18643,332.93506,372.49542,355.74536,326.03827,350.98233,366.7097,400.7946,291.4201,404.67535,375.51288,430.18225,295.86465,419.44623,382.2888,331.65878,324.29562,344.91278,348.86392,626.96387,309.77734,627.6443,370.17734,694.201,287.3698,701.9785,419.83728,867.8438,298.97302,862.1775,435.0567
정면_누움,344.67892,369.28284,336.32315,351.4721,335.71344,374.4447,355.70645,318.90756,351.37048,373.93573,400.08258,274.3418,398.81738,388.11478,436.33386,262.07193,414.01843,404.10782,336.08984,306.71542,343.9321,354.35693,620.94336,295.136,618.48413,369.97174,695.2789,277.65997,700.78284,432.37967,868.231,295.24255,865.44696,445.39798
정면_누움,349.9565,354.86102,343.3689,338.7221,343.76007,355.61746,364.11316,310.58246,361.55463,352.67145,405.1377,273.25122,405.7768,374.8809,428.7044,279.69086,413.668,400.29007,330.33963,311.2424,338.6756,343.2064,631.4176,302.9617,629.9973,373.3827,705.2979,280.38953,706.9331,432.09738,864.667,291.03467,857.5277,446.35583
정면_누움,350.15125,357.28146,344.09955,340.5334,341.64822,361.3631,364.7818,313.3841,356.84534,363.2601,410.23566,269.92032,401.3713,383.32806,446.1338,257.70813,413.622,407.4638,337.23422,303.63998,340.75504,351.82803,625.377,301.67834,619.33923,375.8049,697.70734,276.40732,704.6433,429.5302,865.74713,290.9369,864.7294,440.28934
정면_누움,346.18097,358.69208,340.18652,345.14908,341.606,357.78497,359.83777,319.2482,359.7014,351.66443,401.43338,289.28403,409.0432,365.56668,430.54907,300.56787,418.08035,367.9751,325.19913,318.76703,339.06238,331.4842,630.20703,309.7915,634.25916,368.93967,694.3827,281.12985,702.83246,423.5431,867.24347,298.21323,858.0901,446.52448
정면_누움,343.62552,361.00632,335.67053,343.3827,335.68753,364.6554,356.1995,312.64392,353.30737,364.15735,404.20053,271.28378,401.16797,386.60498,440.9851,261.13324,414.8772,407.27975,336.5944,302.21692,339.2061,353.6996,636.1367,305.6162,632.9318,381.86014,706.2491,276.834,710.3942,436.93753,867.7263,299.6278,864.9044,454.37274
정면_누움,338.64407,369.7782,329.65988,350.1195,328.52463,374.63107,351.6755,312.72583,345.98138,371.8619,395.78238,267.8116,396.0763,383.8612,424.43118,258.48578,411.8432,411.2695,334.22092,300.81436,333.84628,374.9237,617.3924,291.47852,613.5778,366.57416,708.9174,288.71176,705.2273,436.11792,871.21875,304.26767,862.0737,454.91467
정면_누움,343.51984,373.10632,334.85156,356.5868,335.932,369.5664,356.91046,319.32538,353.2899,354.70227,400.69385,294.967,413.06403,357.48077,414.66934,329.9305,416.07916,376.01685,316.45197,329.36652,330.75964,343.15057,632.3442,309.76517,636.68774,359.48764,704.4151,311.54803,704.0848,418.75592,870.28235,312.63776,853.6787,444.1115
정면_누움,338.8288,372.28833,330.89804,353.3423,329.87222,375.55466,354.17838,316.6505,349.1548,370.8982,398.871,272.82687,400.00366,385.56445,425.52484,262.32135,411.85138,410.30692,333.24054,303.50604,334.97653,369.53122,622.45123,299.7621,620.38367,372.83878,699.6104,289.33505,699.75793,434.78003,863.77423,299.62997,858.59985,447.3973
정면_누움,343.40823,366.25262,333.69806,347.69354,332.7942,371.1871,355.96997,313.3505,350.7744,370.5229,406.80533,273.5296,403.49628,380.96518,441.00232,266.0586,407.0242,407.59796,343.91684,302.5032,331.7925,369.49286,626.0552,297.015,621.8086,365.94678,694.5615,294.80737,696.1007,425.43246,868.8263,300.07767,860.9817,437.64734
정면_누움,340.78583,364.14572,333.37177,348.1855,334.20175,362.42346,356.8078,316.49118,354.23987,353.46262,402.44855,290.15454,410.24,362.6939,420.11334,314.94116,412.69592,379.69293,319.87167,319.67316,328.55542,343.36688,634.20105,311.99487,636.31934,367.2901,704.2106,304.3653,707.0629,425.5864,867.5231,302.7949,857.4033,439.1488
정면_누움,337.8569,362.05313,329.0473,343.19812,327.53796,369.08975,352.30536,311.01096,346.2098,372.36414,400.2177,268.80582,396.5346,387.17862,438.7246,252.9335,409.56726,411.05273,344.4156,293.2832,335.84854,371.9998,609.05493,299.57025,604.86755,375.23016,698.0492,289.26508,700.74005,439.2648,870.7667,298.17175,867.0695,450.79358
정면_누움,339.7267,361.95465,331.8434,344.39307,330.5813,366.18768,355.0855,312.70807,348.4816,365.38818,401.4707,274.83374,397.1587,378.8254,437.836,270.0646,405.37793,398.9917,342.22678,301.67593,332.22406,360.32886,613.9338,296.28357,609.5633,365.81866,696.97217,288.68457,696.0129,431.16577,872.8695,299.2702,862.78503,447.21326
정면_누움,343.95514,370.75946,330.87286,351.17993,337.39267,378.05618,352.90054,306.99942,359.0873,369.6322,379.81506,264.89194,405.85187,379.57535,434.4049,282.89935,466.30783,420.90924,400.94153,358.96317,505.34192,480.24722,598.9355,282.1438,609.8803,366.63602,689.5862,269.0267,708.7939,465.93634,850.584,285.44595,866.8474,482.17755
정면_누움,338.43268,359.3897,328.20004,342.26697,332.34006,363.8816,347.86237,306.70435,349.99936,358.70184,385.09164,265.80493,394.27335,379.25647,452.62427,272.96262,441.89157,417.73972,434.17444,323.76416,477.21564,467.13855,614.6634,289.00955,619.25665,372.05804,695.55725,271.84027,708.4557,464.6812,851.36127,287.51892,858.7956,476.8244
정면_누움,332.84332,354.70062,323.06522,341.88528,323.40552,363.17188,335.7082,321.25934,332.90112,371.4743,375.57425,280.46057,374.95953,388.6011,438.47418,251.74408,446.01825,428.17572,421.75494,316.71613,497.89487,484.3994,584.3736,300.9718,582.65247,377.89633,716.44147,281.387,714.65906,423.16595,871.03455,323.1657,869.449,461.19427
정면_누움,331.37427,353.50598,324.21667,341.2517,321.62396,361.48795,338.36224,319.0388,331.75922,367.06146,387.29706,284.22577,373.73596,380.8014,435.238,266.34814,436.0454,427.98163,425.9614,335.71783,490.27582,480.98236,588.3523,313.46005,579.5923,382.43372,708.41833,299.7742,707.45654,425.5146,851.1898,319.2226,859.4619,444.78665
정면_누움,351.30685,380.66626,337.45044,360.16998,341.2685,387.86603,347.46216,312.91455,348.77338,378.67468,376.17996,263.1857,394.0182,378.38727,429.4366,267.26935,439.22626,403.03055,398.6671,331.4797,454.18695,448.1059,591.8678,281.6022,598.4071,364.1588,691.3175,275.70197,707.65533,460.85052,851.5474,289.52136,858.37024,472.01514
정면_누움,346.76276,376.44055,332.56598,360.5642,334.00693,384.82123,334.26038,329.3341,335.74854,387.47015,374.84106,283.3507,380.14694,391.8057,432.01147,254.87872,443.97263,430.781,421.32965,328.65494,500.80206,488.84595,596.59515,311.0258,597.7334,386.98627,718.8869,290.82095,724.23706,417.2013,875.6951,322.39795,878.0632,447.1878
정면_누움,347.49423,369.04004,334.8072,351.95703,335.97092,376.99936,342.53845,319.287,341.27203,378.94366,385.03442,273.66586,388.10138,391.6936,457.78296,245.93793,454.38696,427.96686,424.04343,277.9525,505.16504,473.0385,606.00323,299.94724,607.7181,380.89185,697.1287,283.88983,708.16797,445.94998,864.69,303.03912,871.1896,466.33234
정면_누움,341.65164,367.75128,329.2032,349.7136,334.3522,373.7356,343.75717,310.9857,347.95856,368.67294,380.4767,264.33316,389.9156,383.1796,446.4792,261.60272,442.0619,422.20886,419.09012,305.17535,469.84244,463.59192,606.6663,293.73874,609.2326,378.48672,699.34595,274.4062,707.21844,461.82147,848.5226,286.85577,858.26117,472.87668
정면_누움,339.29208,369.6832,326.92426,352.06073,333.48227,374.60223,339.58804,310.89615,346.8105,365.25797,371.8089,263.64893,387.04593,377.57022,441.95816,272.22238,442.1624,418.2802,424.95496,332.33948,467.19962,463.42896,596.10187,290.98566,602.4565,374.2015,695.0567,273.7502,703.54944,461.389,850.6022,289.4029,858.5414,474.45483
정면_누움,342.9224,368.20175,330.28442,350.55222,336.391,373.45544,343.01428,310.36987,349.28397,365.71942,376.03076,264.5684,391.04742,380.0748,446.90906,267.70593,446.3282,418.95825,429.88812,317.36136,477.7403,471.9536,602.79614,291.92877,609.61285,376.23947,696.34796,269.31,706.91724,460.11652,852.3146,286.487,861.23065,474.69574
정면_누움,338.0899,363.92642,326.69675,349.94144,326.95825,371.48395,335.47443,324.6089,334.44385,376.474,374.12012,282.8113,376.89417,385.5632,431.86255,263.46033,446.39746,430.15598,428.44763,324.39548,498.7741,486.51636,585.8374,302.663,585.86633,375.89523,711.1065,288.57056,711.9551,414.82727,869.00244,315.19778,872.2577,447.45328
정면_누움,341.35834,370.5476,329.54825,351.8465,334.62308,374.66812,343.1805,310.61304,347.3961,365.69073,378.52283,264.33597,389.86057,380.9921,446.6512,271.54224,442.19202,419.82275,423.0181,327.45663,471.20166,468.255,611.0441,299.7489,615.7692,384.94342,702.11304,273.8426,714.8308,468.3783,849.7931,285.15015,861.27496,477.13336
정면_누움,341.93286,364.1341,330.05054,350.40125,330.3526,372.65698,335.4851,324.57578,334.82663,377.87335,372.09454,282.22687,375.88232,385.28897,429.80643,256.88324,445.08917,426.69913,425.2114,321.52197,498.82397,482.12952,580.4142,298.3011,580.7234,371.04224,706.86096,294.7434,705.6974,417.085,875.9148,326.38208,874.2914,451.1427
정면_누움,339.6809,365.088,327.65674,350.74554,328.58386,372.59485,333.88058,323.4066,334.1321,376.0501,372.5264,280.21326,375.48206,385.40686,429.71436,258.6077,446.1599,427.7066,423.47952,332.91956,499.3187,484.69257,586.95685,304.9231,586.7634,380.04147,721.1837,289.75104,721.9201,419.49548,872.15137,323.44305,875.6472,454.52618
정면_누움,344.98953,367.02112,331.49982,349.8173,334.1257,375.07764,336.7943,315.2724,340.12527,375.33258,372.87695,270.75363,385.14453,386.67526,449.92853,261.5858,454.0103,424.88824,435.7181,314.19412,504.10324,473.48425,595.5225,296.18283,603.07434,378.39514,698.23035,274.34528,714.5013,443.6911,869.06714,294.60498,875.4957,464.64734
정면_누움,340.217,367.52493,327.86127,352.73065,328.8094,374.2386,334.23932,323.71603,334.25238,375.80933,373.2127,281.70483,377.33643,382.04846,429.83774,263.76187,446.30725,426.6383,424.9379,330.9674,500.57623,484.60303,586.32935,301.3773,586.6452,373.07986,712.4352,295.6629,711.1896,415.7478,870.1321,321.47092,870.98535,448.1104
정면_누움,339.97165,367.67316,328.58807,350.6328,332.7171,372.97137,343.47528,312.10092,345.33246,366.19504,379.4043,265.84964,386.89896,375.20865,446.07748,269.55203,434.71564,406.56143,422.01636,319.66718,454.56155,449.01083,602.685,292.508,603.9299,372.7223,696.6588,277.2007,702.22424,459.17596,848.8877,287.78687,851.6955,471.58838
정면_누움,317.68042,344.07364,304.91913,325.50464,311.98596,347.72888,328.27896,284.22247,335.3299,338.4696,372.84927,248.06259,381.9,357.08044,450.38702,277.36365,444.4416,420.8601,433.42438,324.83655,474.44806,461.67273,602.8293,277.23035,604.3181,356.82373,691.07416,284.82245,692.8857,458.50305,842.9775,282.399,851.105,464.90427
정면_누움,321.01233,345.7281,309.59753,327.33972,312.11954,352.62866,323.79935,292.93008,327.27777,351.85773,366.8585,257.55344,375.44446,372.12595,448.9759,260.71558,445.78925,417.51407,431.631,317.34784,497.3961,473.0111,594.26483,303.4095,598.93463,386.5659,699.99335,274.74423,713.91473,455.36163,869.96875,297.3849,872.97424,474.54022
정면_누움,320.48163,331.43176,309.56638,314.4352,311.53287,337.8267,322.89166,284.26498,325.11295,339.41388,366.4411,252.78491,370.3388,361.9679,445.9114,258.8702,443.34808,412.91235,433.62134,319.51978,493.01343,470.75714,588.7407,294.80072,589.84686,374.36102,703.01544,277.13995,709.1664,445.71414,864.3973,300.4284,866.5182,467.29572
정면_누움,343.15103,380.6197,330.77042,361.76422,335.44598,386.62634,346.24472,319.1089,349.60275,378.42377,383.277,270.76605,395.74384,386.7136,447.55005,269.85266,446.45016,420.24698,423.86725,321.05994,469.72467,457.33624,610.7087,294.7105,614.646,376.9448,695.37317,284.79803,703.9242,465.87424,850.04785,289.95035,859.4155,466.69824
정면_누움,347.37198,382.89514,335.08423,363.50876,340.78043,387.90222,349.3654,312.23526,355.2128,370.99445,371.32642,261.14514,400.0957,370.28848,413.2469,277.84097,443.29944,402.9629,407.74588,337.5071,469.91486,461.6491,600.8544,290.8325,613.0209,372.73383,690.14185,269.15173,705.0381,458.96408,850.70654,278.48227,856.1045,470.7083
정면_누움,350.34988,380.87335,337.8709,362.77026,342.71402,385.9188,352.24557,317.27615,354.90427,373.39258,381.37442,267.71298,399.47278,378.79245,439.15808,274.8895,445.30313,411.75543,420.22348,329.4735,472.43286,457.46106,612.05133,283.92053,619.7134,365.52576,694.1495,275.67188,704.02875,460.45355,852.22076,284.22632,860.451,468.4737
정면_누움,348.69247,379.89957,336.026,359.32898,339.56418,386.2967,350.23196,312.42847,351.11758,376.31863,382.21268,264.4235,398.10364,383.13766,443.77927,268.58667,445.2049,414.63773,421.51852,322.91055,473.98138,465.9097,609.0818,294.44037,615.2453,379.62805,692.44434,278.773,709.33124,471.92383,854.0948,284.88,861.1052,472.80804
정면_누움,344.4544,374.33185,332.65576,360.91904,333.07443,383.20697,340.59378,327.9743,338.69745,381.67258,392.44907,290.08362,384.7015,381.75696,438.24182,265.002,443.38544,418.86206,431.6197,321.5657,502.5952,480.3488,598.48083,319.73038,592.60333,385.32068,711.01245,313.72382,712.43445,425.99908,857.1145,331.42435,865.2321,449.6727
정면_누움,352.14517,371.56854,339.68655,354.18127,339.37805,379.87845,346.82156,323.17612,342.11758,384.22806,386.64832,278.38608,389.3533,397.87225,456.01498,249.20905,452.10773,431.33658,425.627,261.87756,507.16025,477.4,612.79645,307.766,614.25476,390.60718,702.56573,275.84885,716.2656,444.99042,867.7848,300.37625,872.1953,470.3189
정면_누움,347.05963,373.9546,333.24747,357.85107,332.42157,382.7578,341.2099,330.61832,335.39206,390.60507,387.3152,286.36523,382.4572,396.1624,441.67288,243.95706,445.45114,432.39832,415.80045,264.99704,507.39853,476.10904,607.6449,307.58017,601.7575,383.107,721.826,291.83603,723.4155,416.13058,871.7168,326.7481,871.7263,457.39822
정면_누움,318.32843,311.6325,309.90894,292.367,310.2578,317.28317,326.90283,262.81796,327.77298,319.91486,406.769,236.88141,375.52856,341.85876,479.73883,211.70497,410.938,390.29736,456.6486,236.7337,429.86838,341.99225,615.04675,299.08334,594.8436,364.2072,698.3915,315.31995,678.452,426.93237,851.8185,336.86743,845.642,437.0984
정면_누움,391.38107,165.55269,380.48035,158.82652,377.5429,163.72513,336.54114,177.40817,336.54492,194.3894,356.3039,205.43477,346.55115,255.69919,495.02124,220.10353,484.2382,240.94437,592.46954,168.9335,596.6394,167.14212,571.3644,277.97623,569.8128,333.54163,690.63666,215.83774,693.1112,346.7171,834.178,263.67993,850.8148,399.13022
정면_누움,484.7894,189.86296,469.1615,188.04875,480.06012,183.20703,396.2762,213.88052,442.0968,209.5929,364.40735,239.47745,463.86197,245.21115,419.74213,221.7012,620.34436,168.58182,498.30524,142.97906,706.79095,116.27464,573.53455,291.34515,630.80865,321.8226,715.08655,231.3584,748.31647,317.6961,861.5349,282.47314,857.8993,394.96344
정면_누움,490.7578,196.95474,478.3181,197.52109,491.1344,190.81781,417.51538,222.18933,469.30365,213.13852,391.53943,229.34479,478.22888,242.42227,441.14682,186.92441,615.168,197.24835,501.01105,135.50601,707.81647,135.27846,562.66034,297.67737,611.58386,324.75272,680.3971,229.53522,702.4304,289.55856,855.62225,281.09564,852.7244,382.60614
정면_누움,502.6214,168.55981,490.0548,159.19861,490.2539,171.9901,443.7514,173.98357,446.58353,207.07718,438.29846,169.93555,437.00415,258.54663,525.6726,153.35043,595.7238,271.46573,609.2393,132.80397,750.2845,181.00244,601.02606,242.91733,590.08716,312.9528,768.39105,178.54822,738.17206,325.4645,867.2615,254.328,854.3683,410.87375
정면_누움,455.448,209.38101,442.4577,198.51804,443.025,221.28195,413.94043,206.0033,419.64258,258.81094,428.05548,185.88284,441.0498,314.55472,558.8101,143.85172,602.87537,340.91788,648.6556,131.63753,718.3974,275.08594,608.9394,233.6651,617.77423,317.53226,730.308,185.17422,748.5865,351.85107,853.05774,253.5993,878.2197,391.92972
정면_누움,497.61584,188.58917,490.47296,176.28378,479.62646,186.04768,450.0841,179.61765,440.1938,206.88943,446.8678,183.46246,451.1376,245.92776,551.20154,151.37613,580.3256,235.74942,692.7738,126.132965,701.6051,180.02438,604.67633,264.94644,606.2502,316.5241,706.0996,203.6799,694.40955,310.48337,848.1186,270.78076,845.1755,388.1692
정면_누움,567.64294,187.92426,553.4972,183.29892,559.6294,186.53978,492.81525,198.79402,524.58234,211.1452,474.71942,200.78477,523.1887,230.57747,584.1136,154.86514,670.93933,189.46431,689.7817,130.73564,770.7318,139.6607,589.0116,283.92526,612.38086,315.9499,700.2616,212.75943,695.21436,281.20618,865.416,275.1981,845.5488,380.32922
정면_누움,515.23596,179.05652,505.67743,166.31567,501.03857,178.69876,459.99658,168.99797,458.1278,199.73969,456.73126,174.04762,456.30643,257.49106,563.2277,151.48763,591.5345,275.7914,673.8466,132.43855,726.13605,190.888,598.3556,269.42743,598.34344,330.7522,707.9471,197.0753,684.79126,319.52267,847.0884,265.60083,856.2812,382.518
정면_누움,475.63452,191.5737,461.3064,176.77713,456.82623,201.00352,411.50574,184.5087,407.98306,240.37408,418.8664,178.2298,412.03052,290.8279,561.3179,154.72351,576.21454,314.0241,677.33105,135.717,692.3648,210.75093,563.1432,263.71277,557.8431,338.6836,697.94135,203.41714,697.35004,344.8883,858.09357,270.38882,873.7267,401.10458
정면_누움,367.7251,198.80305,358.52014,189.0081,353.67633,202.8153,331.15356,206.3883,327.9374,240.44354,346.68628,216.04587,363.21216,315.40567,460.66476,251.58856,525.6764,372.64108,519.4172,229.67493,594.9291,257.3159,591.43933,277.0865,602.72217,350.04575,697.9471,201.19199,707.4978,344.58093,863.5043,280.5996,875.5239,406.37195
정면_누움,317.78625,311.61035,312.72455,302.02252,310.18073,317.7503,329.43262,298.2848,321.39044,335.64618,384.3313,278.0973,381.2741,352.7684,477.9037,253.85217,446.2818,332.56067,435.8297,233.6735,411.42838,266.7964,581.23364,287.57922,573.2983,340.41913,657.19977,275.82208,598.4009,395.80713,844.3055,304.1244,743.4225,423.91284
정면_누움,334.59036,348.2396,330.3194,336.21048,331.81207,348.0942,356.903,314.6466,356.22595,344.62823,404.67133,292.1055,404.8864,354.78613,452.42627,302.627,440.26288,364.9927,398.83325,299.10168,400.69748,346.5036,607.41626,303.27597,605.6315,355.72665,718.01984,307.86206,711.77045,433.41937,882.16614,333.00616,863.63965,476.1376
정면_누움,326.0139,313.22015,319.88998,303.81592,320.95703,321.6313,338.0365,300.24728,339.45267,342.1143,395.3454,266.41733,374.67206,368.17365,467.78897,237.69482,410.5254,351.36966,357.44,250.83429,363.67026,274.07343,614.67554,296.03955,601.8716,371.9575,727.5951,262.29562,729.7359,444.21198,892.6443,312.44232,884.94617,481.99182
정면_누움,325.55753,311.7977,320.1628,307.40833,322.17447,319.23068,343.8432,305.4054,342.09262,336.0097,385.19434,270.40054,381.9698,355.70853,450.60736,254.76822,411.96896,319.63074,362.9138,264.19464,372.68518,257.82343,612.9193,293.63464,609.71497,367.1801,729.21857,248.91092,731.83765,450.10565,884.6256,290.23236,877.618,496.2801
정면_누움,324.39868,312.96082,318.84198,307.72784,320.95908,319.4539,344.65393,304.10052,342.569,334.89413,386.32608,271.8761,388.22433,355.31842,446.36914,259.75043,417.13928,317.83493,358.78543,265.7838,372.5165,253.58759,618.61664,294.7571,618.29913,367.0988,730.9488,252.03522,737.11584,450.40402,885.8282,286.6822,880.058,492.43506
정면_누움,330.43155,354.02966,324.10556,339.02133,322.72873,359.3816,347.28244,310.5257,342.27484,360.36047,396.88068,271.68512,394.4665,381.03183,464.23044,260.43488,450.76468,411.3367,429.38226,285.74802,421.18152,384.16144,616.5634,291.44836,614.44965,365.616,722.5485,282.42603,717.53876,442.38855,892.67865,316.71405,876.8504,478.11807
정면_누움,330.7979,365.2448,323.78934,347.3728,319.971,370.44128,361.44763,319.21576,341.17572,374.46762,389.7868,264.75903,382.17422,387.4958,454.8839,259.43228,444.82986,435.7356,430.2329,283.35065,490.4615,472.45026,612.24927,279.34882,599.78015,369.95764,741.8901,263.43814,729.85815,456.5658,885.25104,254.18796,880.7705,470.56985
정면_누움,332.6187,366.89764,325.1521,349.4475,322.4828,371.11087,362.0288,320.19308,344.82864,372.91364,391.33752,265.53723,386.7548,383.4013,454.79126,260.76187,445.26318,427.71564,429.3439,285.0811,484.93127,467.32892,618.47546,280.899,607.68744,369.13306,743.9514,266.53378,731.4903,456.21707,882.96063,253.51114,875.75195,469.61743
정면_누움,332.43268,363.5694,324.94745,346.47827,322.446,368.57706,362.25153,319.1891,346.27408,372.5545,395.2836,264.6811,390.40445,384.29327,458.68585,258.68088,447.01318,426.6021,429.53702,283.0096,482.1129,465.9925,626.8684,283.16644,616.8167,372.13196,748.5068,261.98035,740.84906,455.08142,881.4757,256.48154,879.7439,472.3006
정면_누움,334.74548,365.37903,327.01688,348.65955,325.52545,370.18842,363.12747,319.8072,348.40695,372.01453,393.1575,263.93842,389.30634,384.58228,458.53275,257.81992,447.17694,429.3631,431.69867,282.79227,485.745,470.74652,622.3072,282.08875,612.85114,372.15683,747.50494,260.71466,736.9268,456.18243,882.90894,254.03955,879.6961,471.01456
정면_누움,332.01556,364.70282,324.5837,347.13,321.0423,370.7049,362.00967,319.4936,341.97894,375.93747,391.6305,263.45142,383.6273,390.2985,459.01514,254.68506,442.1858,436.2073,430.7395,282.3254,480.7375,471.68512,616.83575,280.27325,604.85236,372.96848,743.48975,262.2315,733.6901,460.84897,880.7521,251.72119,880.10266,471.0067
정면_누움,332.04465,365.92493,324.96252,348.80243,322.2681,370.62677,362.7166,320.34302,344.93158,373.1192,395.25446,264.18094,385.65613,385.1703,459.771,252.77817,443.55884,428.92352,430.32376,282.2218,478.7821,468.64966,620.74884,279.04114,607.5133,368.30765,750.6886,263.68872,736.4343,453.25897,882.5073,260.3026,881.342,471.26782
정면_누움,332.1013,365.58432,323.95303,347.32953,321.78702,372.05438,360.11566,318.9143,344.79602,377.16193,389.47354,264.70456,389.30365,389.81332,456.7583,257.3767,447.43027,432.84015,428.623,282.08044,485.78812,470.1765,614.4114,281.38782,607.57184,373.01813,739.49194,256.79437,736.51044,455.35928,886.5771,249.05695,884.4431,466.00882
정면_누움,330.61346,354.68015,323.86835,340.01837,322.87946,363.2852,348.27127,315.74884,341.94473,368.9801,411.88138,279.51938,390.08453,386.92776,465.69824,238.73169,460.8641,423.65082,429.81525,277.651,520.61456,475.57535,619.99866,301.06274,604.033,374.86572,733.8977,288.70206,716.5443,429.01044,885.84094,330.3695,873.82623,459.39502
정면_누움,332.27042,366.62628,324.83685,348.73822,321.88367,370.92096,363.05496,319.069,343.9935,372.81003,394.2669,264.6744,384.88202,384.4044,458.99426,258.73035,441.47635,430.02594,432.10895,282.93073,480.77078,470.61005,617.14923,280.89365,603.9531,369.83777,747.957,264.66602,734.83673,454.66098,879.7848,252.27173,877.68115,468.11862
정면_누움,330.36472,356.69812,323.75067,342.15555,323.14963,364.05865,348.8308,317.04343,342.27307,367.74918,411.11755,279.4725,391.13403,385.7278,465.5664,240.01389,462.8986,423.08368,429.86,277.40613,521.4737,474.59012,617.2148,300.41724,603.0607,373.91083,733.6315,290.88934,719.3492,432.0143,879.17114,329.83063,871.39215,464.13455
정면_누움,332.32385,366.9967,324.9548,349.17633,322.08536,371.31104,362.77914,319.6822,344.4068,373.29828,396.17035,264.57977,386.27817,385.71704,460.8424,255.93463,447.45697,433.31512,432.46423,280.43088,485.71048,471.9335,623.1577,282.05325,608.8836,371.02213,751.3325,266.8835,731.49414,454.0522,884.4686,261.25375,878.20233,471.80066
정면_누움,330.64386,354.74274,323.87723,340.3926,323.56647,362.49863,348.41522,316.42758,342.674,367.48257,410.8836,279.3189,390.4268,386.68906,468.75073,237.32437,462.71103,424.42957,432.19592,275.62253,520.24115,477.04797,615.2699,300.3891,600.83887,374.17197,731.89795,289.67828,715.4194,430.6896,882.9919,329.5224,871.1892,464.73596
정면_누움,330.03833,363.6449,323.4619,346.98376,320.45718,367.6933,363.495,320.8883,344.77576,371.57678,395.2418,265.56665,386.60635,385.76257,458.66547,255.34506,443.41727,427.84076,430.23425,282.29468,479.2691,467.27408,623.4938,282.24152,610.8343,371.972,754.1184,262.22702,740.1933,456.41696,882.97675,257.1682,879.3887,477.41214
정면_누움,330.86832,357.1071,323.87204,342.3445,324.0628,364.24326,348.57877,316.8328,343.49173,367.3709,413.22,279.93393,391.05875,385.86786,468.51624,238.39557,460.7386,423.16882,430.92398,277.73807,522.20337,476.2904,620.0906,301.89673,604.86835,375.27048,737.2111,292.13956,721.6249,431.48242,884.64514,330.7887,877.52686,463.92368
정면_누움,332.91953,365.96484,325.51852,348.1631,322.25787,371.56577,363.0134,319.58612,343.92426,375.78555,392.9918,262.9517,384.8897,390.1647,458.50684,254.02533,446.1486,439.6399,430.1628,280.7856,486.02777,476.14008,616.94446,282.68158,604.2014,375.18137,747.3379,260.39917,733.3376,456.46164,883.33813,253.84924,879.60046,470.734
정면_누움,326.1709,358.44623,316.18988,341.53836,320.5227,365.75357,349.35538,305.5234,350.51953,363.28458,389.06836,261.05652,400.44434,381.54187,459.8216,256.80493,461.98395,420.98538,437.27078,285.4405,511.81696,468.75882,618.70264,289.91034,620.24316,378.3505,725.5987,258.14413,721.3601,463.82858,882.5144,283.41498,867.38416,492.17572
정면_누움,333.44464,367.59045,325.6419,349.79913,323.06708,371.85675,363.70654,321.0232,346.46854,374.82022,396.17935,265.3678,390.40076,386.92645,457.24243,256.77927,446.07544,431.14035,428.42197,280.46228,485.4947,471.64377,628.75,284.9956,617.57666,375.12073,754.51575,263.13593,743.1465,455.67755,883.71796,249.50787,881.36334,469.0735
정면_누움,330.74475,365.06854,323.0069,347.239,320.1777,370.8329,360.97437,319.21533,343.40564,375.67938,395.21106,264.9853,386.22763,389.7772,462.73874,254.04855,445.17197,435.931,432.6808,278.98376,484.32034,473.37598,620.5054,283.4821,607.97363,374.22098,747.1935,264.91922,735.80414,456.27847,886.2306,252.90332,885.427,465.0344
정면_누움,331.32144,365.7249,324.48676,348.71387,321.40305,370.55222,362.88702,321.39612,344.59238,374.2964,391.7294,266.5323,386.7323,387.6368,455.1588,255.92392,445.8301,431.89587,428.75424,281.8298,483.4057,474.18607,616.53754,281.5064,605.66693,371.0008,744.8316,263.24506,731.4763,454.76154,885.02466,256.9247,878.07227,471.91568
정면_누움,331.24536,365.8114,323.15424,348.04724,320.71918,370.5509,361.30365,319.79175,344.0677,374.46228,393.12787,264.851,387.95847,387.08405,459.05298,259.55762,447.14758,433.89777,431.91602,281.7787,491.20132,475.40836,624.73553,282.39185,613.66473,373.1674,752.7758,262.36078,740.95917,457.0402,885.52014,248.13904,878.1694,469.57492
정면_누움,330.44064,356.1667,323.51822,340.6837,322.238,364.04565,348.8258,314.81732,341.04913,368.59784,412.5713,279.2423,390.73877,386.79456,468.58612,238.17902,460.78232,423.24664,431.0028,277.4184,520.399,474.39655,617.9686,303.95416,602.6366,377.82895,735.7372,290.75082,721.0012,430.13617,887.355,331.81366,878.6808,463.8924
정면_누움,333.1963,366.27457,325.0052,348.31122,322.20908,371.29163,363.64096,319.88696,345.71036,375.7284,397.10254,264.29962,389.3127,388.42554,461.6341,256.71625,444.72534,434.20203,431.78574,280.25552,484.27582,469.9594,627.77734,284.66882,615.4743,376.02066,753.86743,262.14664,741.76135,456.80673,884.25134,249.91559,880.6763,472.01764
정면_누움,330.50644,363.097,324.1033,345.85175,319.85812,367.16324,364.03735,320.07562,342.70264,372.2074,395.48355,265.5124,383.99243,386.68195,456.03632,256.44022,440.07355,432.24097,428.03564,279.65347,478.20834,469.22205,623.19525,281.0805,608.2882,370.9319,752.7904,264.4084,736.48303,455.51184,885.3915,254.32047,879.90405,472.72968
정면_누움,333.5251,365.9375,326.16467,349.33615,324.5438,370.02905,362.20605,321.29965,346.90695,371.7172,392.6628,265.81256,385.48267,382.69165,453.8302,256.8461,443.3069,428.04843,428.7168,281.79086,483.89264,465.37994,616.60077,277.9291,604.48456,365.17645,747.281,266.50568,730.9957,450.6195,884.90186,259.2321,881.5094,467.9363
정면_누움,332.74564,366.93182,325.81958,349.09146,322.52383,372.47485,362.75494,318.77527,344.61203,374.311,391.48563,263.46432,387.5908,384.7743,456.25958,254.89719,444.23938,426.9875,430.49054,283.18506,478.50128,468.8954,612.60956,276.3936,603.5398,365.35675,733.50134,260.95123,726.4029,453.04343,881.35645,256.35202,879.753,466.91824
정면_누움,332.86066,367.0578,325.29996,349.16687,322.1355,371.62732,363.5736,319.39157,344.5822,374.04013,395.55627,263.5514,387.7259,387.5409,458.15912,255.78204,445.60394,435.8158,430.36285,279.95422,488.7959,477.00375,627.4985,281.21686,615.10815,372.23947,748.26935,264.9672,734.7605,458.17847,883.2461,255.62436,879.464,472.99173
정면_누움,333.44516,365.43878,325.70663,347.50366,323.32208,370.35297,363.20667,318.64172,347.16907,373.5248,397.17307,264.3255,391.63098,386.78156,461.24704,257.4133,447.53595,431.8308,431.87762,281.85098,488.18082,474.99707,628.84155,285.21622,618.8588,375.45825,749.6654,260.50476,742.96985,454.88583,883.8716,251.82724,883.5172,468.14786
정면_누움,332.91434,367.0561,325.31613,349.41135,322.84976,372.3562,362.05942,319.73822,345.12726,374.81732,391.14453,263.91895,386.75473,386.46454,457.3099,255.23486,448.372,432.69916,430.61072,281.57355,486.17603,472.40887,612.97473,278.83032,602.6279,368.72028,741.6644,262.3705,729.9687,453.79504,882.84436,256.8907,878.5104,470.04544
정면_누움,333.95328,358.90552,326.5106,344.1975,326.80316,365.81073,348.56165,317.31113,345.07172,367.31985,410.97125,281.24786,391.17236,382.05432,464.53757,240.11536,457.37225,417.5739,431.3495,274.541,520.2966,472.50668,618.42145,300.4723,604.66986,371.13425,733.71814,296.34772,720.9888,428.41116,891.37415,335.0113,883.18726,460.6976
정면_누움,332.92963,367.31775,325.13995,349.98877,323.09665,372.37668,361.11243,321.2154,345.06073,375.1043,390.2592,265.9652,385.0963,386.94968,454.2201,256.19424,441.89172,431.94586,430.80087,280.10437,480.24347,470.26788,614.91956,276.4466,604.4537,365.77316,743.91064,266.30634,730.6328,455.42685,885.4536,259.39478,882.12866,471.12527
정면_누움,330.92648,359.16653,321.93457,343.17023,322.069,367.3623,357.84106,320.636,348.57446,377.55844,395.33655,266.4312,391.5572,389.2182,465.18024,249.5322,448.99948,434.6178,425.55896,265.18362,489.81665,469.6053,618.27167,280.13098,608.95386,368.68243,731.7513,265.16916,723.8616,450.8736,888.76276,258.14178,884.887,464.5424
정면_누움,337.78006,362.01266,330.359,345.66608,329.73297,367.34662,367.06924,318.87054,355.27878,370.86517,405.3584,260.3913,399.47864,381.72906,470.66745,235.91565,454.83694,424.77863,408.36307,232.548,487.46503,464.6618,623.8806,274.9494,614.4901,361.28943,730.4085,263.49274,724.99664,449.97818,884.4226,258.33194,874.692,466.79697
정면_누움,327.2051,352.13675,322.06192,336.85266,317.86618,360.83377,349.93625,308.34424,338.30884,364.86948,393.00037,265.8113,388.88916,384.20172,465.58163,221.33035,463.58875,428.70605,465.03128,153.37961,515.5607,486.08374,610.3295,295.3294,605.7465,376.87775,720.82025,259.4688,714.8561,443.25574,896.0661,293.0255,868.9131,473.4019
정면_누움,327.45132,354.5881,319.29367,341.03015,320.52652,357.91553,354.0781,314.7093,345.52744,358.714,378.48712,254.58786,379.3428,374.17374,460.47266,239.8328,438.46875,419.23132,521.8419,226.36227,513.3546,455.3418,610.51465,270.96484,605.70044,362.0703,746.65546,255.05432,727.3821,452.35352,878.2525,260.9204,870.6761,486.74576
정면_누움,331.86835,352.4009,327.49454,339.79745,326.8727,354.15714,350.57547,314.70288,348.84357,351.55258,392.2367,279.10223,396.29883,380.30038,468.12885,257.80563,461.31113,415.96777,523.45703,220.9627,470.14005,389.49084,618.2093,312.00714,622.60754,382.47775,728.66187,289.9467,719.70105,441.48477,882.6421,315.3341,878.77136,474.71698
정면_누움,329.67703,347.1928,327.55917,337.22168,326.4126,344.59628,345.73068,319.6704,346.76822,341.01495,389.24847,295.06982,400.9931,369.0797,460.49243,265.69592,463.7055,411.24078,524.8494,221.75821,475.82138,386.2173,617.7602,318.68182,628.73486,370.00983,721.80896,302.5594,730.0543,389.93652,879.16486,301.8596,885.73016,393.17712
정면_누움,331.7918,349.72113,329.4114,336.51282,329.26932,348.37897,348.2901,313.82037,352.68555,344.13028,399.8709,284.6336,405.4542,375.76657,460.78607,245.01804,475.8113,432.43005,501.45428,228.27992,475.42258,404.63135,626.57916,318.52655,631.29236,376.21704,734.67126,323.45914,725.768,416.30997,903.0587,335.95676,909.8406,423.90643
정면_누움,336.9006,356.15735,329.44913,347.10834,339.97778,350.96674,353.39648,315.44894,369.08038,330.0912,385.31714,292.4611,411.39337,341.18628,442.312,349.00317,477.62848,391.68964,467.15527,364.29364,535.8235,467.08,612.4505,283.72556,628.40186,336.73447,709.78595,271.8482,717.825,410.50586,863.9629,273.12708,870.7873,438.79617
정면_누움,334.68918,345.11652,327.71515,333.7348,329.38312,350.71497,347.98438,316.3296,345.5348,355.39984,409.0454,284.78845,393.7482,373.0555,471.10666,242.9072,458.20532,402.4184,453.27847,267.68628,532.4163,430.7707,620.92957,300.85434,612.8958,365.78638,747.9376,287.6797,747.0806,407.84274,884.3134,303.96796,891.0298,422.44034
정면_누움,334.19852,346.51105,327.50714,334.2926,328.4297,352.32248,349.1737,315.05392,345.73532,356.42578,411.6829,282.30768,395.37906,371.95804,470.3297,240.95575,460.69748,404.32608,453.78476,267.40955,529.56323,436.19717,623.08264,299.59717,613.80634,364.44232,749.4775,286.44104,747.7738,403.72607,887.9265,300.6527,894.35596,416.87906
정면_누움,335.43573,352.31,327.97998,340.74887,331.60016,356.67548,345.91138,318.17743,349.07706,355.52795,407.5504,281.19232,395.81665,370.2111,473.55957,239.72144,466.39624,404.18268,454.66803,268.6927,531.4323,437.32208,615.889,295.80185,610.67096,360.11688,739.50543,285.09717,737.51294,403.92603,884.5397,297.25476,888.81384,416.51962
정면_누움,333.52557,339.0119,323.92776,328.1465,326.68518,347.72647,345.02722,310.44354,343.43933,356.4262,416.3167,275.62875,393.12347,368.12015,463.06036,226.78067,464.9614,404.1237,378.50693,233.1571,531.3014,438.32254,623.9822,292.83295,608.0614,358.1591,748.0364,285.39447,743.845,403.3305,885.8064,301.17676,887.1907,426.638
정면_누움,334.5221,345.02765,324.48306,332.7052,327.17474,354.8149,345.47943,309.67126,343.85007,360.82477,417.02902,271.80875,396.18228,370.9525,466.16196,223.25247,467.02875,403.81647,376.4479,232.28503,531.9906,436.0595,623.38745,293.21246,609.6705,362.0405,743.1205,278.50342,742.04297,408.2614,889.52655,299.94373,887.8901,431.31033
정면_누움,330.42517,348.43604,326.24072,334.54825,324.64133,353.1881,354.10776,313.3947,343.67282,355.7937,414.85828,279.74484,397.09277,374.10886,475.28296,236.29889,464.83917,404.56458,450.7331,267.70416,532.78015,438.26675,618.32404,296.06085,608.3798,362.961,744.39124,283.9104,743.2389,408.22516,888.6285,303.3747,892.31866,424.4017
정면_누움,332.37817,344.21756,326.49094,330.2434,324.8659,351.38052,351.6244,309.86313,342.1867,357.95834,415.28485,277.51556,395.8191,377.75726,476.1131,232.6319,463.5045,405.31787,454.4302,267.3624,531.2001,436.64786,623.50354,298.49017,612.43176,368.4237,742.7571,280.7556,741.62463,412.00153,884.0661,300.3313,891.28357,423.53003
정면_누움,331.7757,336.7493,324.83292,324.71817,324.69452,344.9507,350.69092,306.5611,341.67334,353.11316,420.26086,273.15668,392.15955,368.3669,475.16586,223.50359,463.47977,404.49545,395.4607,221.17923,535.5809,440.4836,619.21545,291.38898,601.2622,358.15442,743.1858,280.32068,738.7106,404.53934,889.55493,309.66223,886.7557,434.50696
정면_누움,333.64496,340.42743,326.09174,328.6167,328.23886,345.76538,347.84558,307.8715,345.76178,348.27875,417.46713,273.30353,394.49023,363.51874,473.15054,225.15233,466.12372,404.13037,399.4995,229.95378,532.04785,440.38458,626.1587,292.9306,612.4034,356.97897,746.5384,282.85413,744.3579,397.91974,892.2332,299.6135,894.713,418.3193
정면_누움,330.06247,333.99356,325.2467,320.76306,321.1267,343.93643,352.5736,307.75464,337.24274,359.44882,413.53766,278.7976,391.97058,381.71478,468.2977,241.19196,465.37344,408.6012,432.04782,274.53348,532.75116,437.16583,620.9678,296.0676,607.2844,368.5927,741.6873,272.2735,744.1759,414.56274,887.19543,293.07034,893.36584,427.53534
정면_누움,332.81,348.26227,325.41034,333.5751,324.30316,356.11597,350.5007,308.33752,341.55063,359.99084,414.9405,276.21722,394.62793,376.65283,468.9208,239.83041,466.79712,408.05203,431.45435,276.86084,533.23956,436.47803,626.20215,298.8727,612.8344,369.55597,750.391,284.74524,746.0912,416.3565,886.4628,299.61597,895.40076,423.4809
정면_누움,331.1272,335.6714,325.5136,321.25488,321.3972,345.7015,353.17142,304.8706,337.8161,359.61588,416.7879,276.72815,393.00873,380.5294,469.59338,235.82162,462.312,407.82104,433.61227,273.3496,529.86383,437.98398,621.8029,296.2044,606.2426,367.9573,742.5083,279.1009,742.06494,414.23868,886.2163,305.9131,892.04553,431.39142
정면_누움,331.4817,336.34595,325.91888,322.9576,322.81042,346.78583,352.59778,306.64862,339.88333,359.95746,415.47217,276.58447,392.24088,381.3041,469.2638,236.86102,465.61407,410.54346,432.10098,273.9095,531.81323,439.70685,619.16296,297.50873,604.2519,370.23123,740.1135,278.0954,737.941,417.50763,886.6953,297.63593,895.1934,427.16074
정면_누움,332.0445,337.27957,325.42902,323.6448,323.0472,347.77985,350.65576,305.75336,339.45782,359.88803,413.4479,275.55768,390.74072,378.37003,470.02792,237.62091,460.6147,406.57794,435.07486,274.12073,531.0678,438.63342,616.23865,295.33673,601.94946,367.71298,741.49286,275.86935,741.4182,415.3512,889.07007,299.73077,896.0951,430.6006
정면_누움,332.17755,340.56537,326.7967,325.8104,322.7344,349.2312,355.58365,305.8584,339.3804,358.85834,419.17975,274.7973,393.94556,379.24753,471.11456,235.06659,461.26733,408.49353,432.47025,272.33725,532.51843,439.2364,626.9426,296.86218,610.9615,369.58673,745.2316,275.3396,744.87085,413.91193,881.1096,293.39136,889.05273,423.53668
정면_누움,333.80988,332.62598,326.03748,320.21555,324.34802,342.94455,349.91675,303.74567,338.24463,355.89334,420.278,274.25244,389.7729,374.2547,478.30243,227.61092,468.26102,407.76407,396.61932,234.14307,532.83203,438.10535,619.41034,295.65198,599.69604,364.8602,744.12476,281.46484,740.6345,410.79193,888.5675,305.65076,891.8884,429.87805
정면_누움,333.37506,339.31186,326.66925,327.394,328.37225,344.25745,351.08545,307.13812,347.24387,346.82666,419.46777,273.92087,396.7346,363.06015,472.7641,223.51816,471.08173,404.67972,389.3791,214.15909,534.6021,441.37054,623.4833,292.70798,608.90234,355.59387,741.32764,289.8844,737.1874,403.42084,887.86584,305.19382,888.4895,422.81003
정면_누움,335.96698,339.4957,327.78714,326.63654,328.2591,346.52417,350.84677,305.671,344.26642,352.15314,418.64313,273.98822,398.00037,368.27808,471.61823,224.35823,472.6925,408.25903,390.81683,210.687,533.9062,440.86572,625.4182,297.28204,612.12683,362.93216,747.8365,282.43018,746.87,401.23874,886.55365,300.15237,889.96515,421.71075
정면_누움,337.534,343.86182,329.5642,331.76303,332.23248,348.13425,349.98245,308.5121,348.7787,347.74734,418.12045,274.24155,396.41193,363.37787,473.48767,226.54053,473.19748,405.78125,393.11963,233.29968,533.94116,441.94098,623.6359,294.04303,609.9748,356.85333,744.49774,289.5973,739.11884,401.01517,885.3793,307.8559,885.8198,423.58246
정면_누움,333.12836,336.48956,326.44855,322.24673,324.30508,345.42975,352.6328,304.82706,342.26755,356.9085,415.39703,279.44257,396.07004,375.7542,461.8139,244.1583,462.75623,402.88696,417.47403,278.2714,521.55664,431.4412,624.0405,298.22147,610.36926,366.9773,751.77014,279.8615,750.4636,409.93927,885.4359,295.6939,892.34607,418.1466
정면_누움,333.12024,351.91986,326.3083,335.0463,325.08905,357.8646,355.162,308.52753,347.53186,362.5689,414.66452,269.84338,383.90265,389.74606,452.25076,229.87442,365.95282,434.7794,410.90216,281.03543,337.38162,385.6839,621.1115,299.37708,603.9239,376.11005,748.9458,297.279,742.3802,416.78098,883.2605,313.68573,885.82104,429.20456
정면_누움,333.50894,360.3907,328.0955,344.26324,330.36227,361.2456,341.6373,312.90784,349.7904,353.84073,401.67255,272.27985,402.13684,368.79874,439.4533,246.62244,449.74677,407.9547,390.60278,287.331,397.51743,366.70996,626.6294,310.6629,625.6037,373.06885,745.6968,305.9792,739.0415,414.0216,900.1217,323.7042,901.6976,418.15
정면_누움,329.76346,328.56055,325.9843,315.49982,319.79825,336.78445,351.66516,305.06427,333.43518,354.80225,411.22382,267.69418,386.88947,383.357,462.60602,226.0785,450.73636,423.5192,399.42206,228.99542,416.03928,356.64896,618.6453,291.287,602.6792,363.8206,742.40765,284.39893,734.9679,409.21805,882.3096,300.77502,883.86633,425.11502
정면_누움,332.88342,318.0741,329.5223,303.88794,323.7973,325.25735,356.64062,294.07916,345.03125,345.35666,426.1126,269.0911,405.37006,388.05045,469.7984,234.84253,459.32864,441.77722,411.8463,262.36047,409.5846,366.95557,645.5886,313.7967,631.2637,384.70807,745.9612,299.99188,733.6035,418.34692,896.07196,305.47473,898.6859,418.8144
정면_누움,335.02747,322.08475,329.4724,307.77792,325.39624,328.44986,351.25153,292.46857,337.75012,340.86227,415.41003,261.8866,382.40002,369.57977,467.30798,232.63779,422.99774,399.8645,395.58026,247.23874,389.47202,306.37476,619.9916,288.30194,599.87054,359.31342,751.554,289.29135,738.81604,411.3963,890.1979,307.21747,888.42883,425.64276
정면_누움,335.64508,321.9118,331.16644,307.68832,329.3253,327.63812,352.40045,290.9289,349.82794,338.01306,419.70187,265.25095,400.44623,371.15677,463.85718,235.05298,435.12915,418.73273,402.52213,254.25104,385.6372,346.5504,632.1951,310.31693,619.6244,375.97125,738.18945,311.50488,724.9296,421.48087,899.8769,327.47614,899.7909,427.16785
정면_누움,326.81854,338.16602,318.6714,323.39285,320.0315,344.38437,341.65808,304.9808,344.22897,354.13168,390.91437,270.60306,394.69873,380.11505,460.02097,231.68718,451.19818,422.83105,522.6809,195.6893,411.68552,369.24973,610.251,287.07684,610.6669,356.87808,770.817,283.59082,755.1603,387.41956,903.4542,321.64865,901.95996,408.89703
정면_누움,325.7598,330.04727,319.35938,315.36792,316.3024,337.4861,343.06396,302.20847,335.1767,353.36536,389.21387,267.2461,387.24463,381.26547,459.83038,233.28937,446.7174,422.77927,525.9596,196.88724,413.3919,366.5324,609.6164,285.66074,607.1848,359.1234,767.6095,275.59003,756.2917,393.52475,901.1876,311.88635,903.1024,413.32935
정면_누움,326.88806,331.90335,319.38303,317.10535,317.26553,339.90674,342.3436,302.75378,337.0395,355.61026,389.62048,269.19055,390.3728,381.95447,458.0994,232.91559,448.0539,423.67993,524.1135,195.63626,413.74338,363.0529,609.7799,286.4796,608.83185,357.99692,765.79254,276.16095,755.78235,383.93515,901.42175,313.1087,904.64813,406.391
정면_누움,330.02164,332.52835,326.33246,318.26263,322.1273,335.75464,341.47244,301.90356,337.45938,345.13916,396.03494,273.28473,396.6982,382.3626,465.41327,221.82617,459.52737,433.82733,504.7895,203.6189,413.78253,370.1739,626.09894,313.34326,626.4542,376.7221,739.15344,318.80603,730.0174,411.52298,891.09924,344.9516,890.4761,421.98657
정면_누움,327.6747,330.61426,321.11566,315.8014,317.87793,338.43207,344.5876,302.0253,336.0984,354.52853,389.83917,267.05298,387.90448,383.2852,460.1293,231.10794,448.13913,424.55878,524.57916,195.32576,412.08588,366.5667,605.8259,284.3498,603.62634,358.10788,760.64465,277.21744,748.0563,394.31262,898.594,311.0941,900.04114,414.99973
정면_누움,325.92834,325.31796,319.156,311.60864,316.25708,333.42987,342.4544,302.23367,335.07623,352.96576,389.9876,269.05078,389.4021,382.0107,459.86765,229.70145,451.2639,424.6577,525.73944,195.18867,413.67664,361.93152,610.65027,287.88626,608.7904,358.92914,767.70435,280.06967,757.0658,384.89175,898.69635,313.68457,902.5362,408.38617
정면_누움,327.33395,327.0473,323.54437,312.87262,316.59637,334.38977,347.46918,303.47348,332.14215,353.3384,392.67786,276.188,390.35376,386.08234,454.89328,233.2478,450.431,426.42523,529.2414,184.79341,416.82416,363.07004,613.51404,296.963,611.3935,366.11118,759.0166,296.8294,750.35895,406.37033,890.1001,320.77863,897.1079,418.98468
정면_누움,329.74176,329.8709,324.44287,315.58447,319.2559,337.1587,347.23578,302.80933,335.56165,353.1625,395.79297,274.4448,392.68353,383.02228,458.5989,231.31978,448.29932,425.19885,531.0759,184.19357,414.93256,362.96893,616.32837,298.11865,613.7942,365.97943,760.06506,300.07697,750.7667,404.2024,886.76434,325.61456,894.01025,419.21478
정면_누움,327.19046,328.87677,319.97394,314.69403,317.0271,336.1781,342.9044,302.55228,334.08893,353.01257,388.62323,269.59964,386.53192,382.1443,457.11404,233.60849,445.34964,423.8515,526.56836,195.145,412.98163,365.98602,610.2085,284.85602,607.7008,357.242,773.291,275.45938,761.06415,386.69858,895.5077,307.01248,900.10645,406.5697
정면_누움,327.9695,330.1704,320.5034,315.77435,318.27283,337.67877,342.72095,302.67526,336.01294,353.61636,389.0208,269.78802,386.5639,382.0847,458.21664,234.2359,443.13614,422.47992,527.26483,196.17642,413.06393,366.61148,611.9915,285.16156,609.12305,358.0539,775.28674,276.09668,762.48096,390.33505,900.36414,315.80023,902.6127,414.44623
정면_누움,327.7634,332.18723,320.09503,317.38635,317.8441,339.73978,342.57928,302.21722,335.919,354.55078,391.08063,266.6532,388.181,382.4022,462.50146,229.896,448.65915,423.93747,526.7671,194.35048,412.56805,364.8317,612.7748,287.53467,609.9145,361.3216,771.1579,273.16208,756.99384,388.52258,897.2703,307.5554,901.3319,410.75095
정면_누움,326.20093,327.65308,319.933,313.50916,316.63153,334.87686,342.9477,303.54114,334.8681,353.07693,389.01263,270.88943,386.80652,382.40204,457.0812,236.91849,445.44522,422.30615,526.3609,196.31334,412.64658,363.51642,612.1467,287.95502,609.69775,360.06973,767.65735,274.6405,757.3313,389.3309,895.84827,309.79297,900.16614,411.06372
정면_누움,328.68536,331.2689,321.86053,316.09088,318.29895,338.73877,345.26794,301.96667,335.98413,354.59018,391.59717,268.6192,390.1558,382.08862,459.5193,229.81953,448.86914,423.54953,524.3469,195.02786,415.01428,365.3576,608.65875,288.43286,606.19165,360.02512,767.5419,278.02682,754.6672,385.39636,899.038,315.90015,899.3225,411.37756
정면_누움,327.88098,333.59412,320.44382,318.57944,318.68277,340.59744,343.75635,302.46613,338.143,353.97235,391.4109,266.55737,389.66782,382.24695,461.84717,230.92992,449.25385,424.12964,525.8483,196.13808,414.68103,365.8423,612.16595,288.53268,610.1359,362.66724,769.63306,274.10178,756.20935,391.91425,897.2833,306.25772,901.5261,412.8537
정면_누움,329.7173,339.10452,323.94986,324.37262,319.86066,344.96088,345.8263,305.51242,336.47852,354.3802,392.31818,274.1355,390.9054,382.10883,455.2463,233.35187,447.92032,425.24463,528.8258,185.14728,414.81577,363.23773,613.0597,295.33673,612.09546,363.72717,761.5753,296.57877,751.9834,403.17664,887.77527,321.4253,898.67505,415.29956
정면_누움,328.31915,333.19165,321.48996,317.88617,318.3863,340.39975,345.76306,303.333,337.0454,355.69455,392.39194,269.08588,391.2805,384.4839,458.48132,232.9407,449.29086,424.72845,522.65625,197.91603,412.96722,366.5591,613.9132,287.82944,611.6971,361.40295,773.1056,275.3239,760.63306,390.54742,897.756,313.19882,899.5327,413.91046
정면_누움,328.19397,336.4193,321.1607,320.81586,318.5193,343.10522,345.85004,302.964,337.96796,355.22006,392.2553,268.2303,390.40335,382.24872,459.9575,235.18,449.51437,423.54736,524.4759,195.22072,414.12842,365.90167,608.75006,287.03882,606.22034,360.02652,768.5433,274.62854,753.3831,389.88364,896.23865,308.14307,897.516,411.75385
정면_누움,327.57968,332.65588,321.12305,317.50757,318.23267,339.75165,346.80273,303.08167,338.86868,354.9659,392.6994,267.30786,391.33655,383.7865,458.50067,231.2297,448.06757,424.5279,525.7222,195.79784,411.5271,365.20496,612.82,286.66934,610.5723,361.0641,769.2391,271.11023,756.3796,389.61227,894.25806,303.34537,897.9088,409.8178
정면_누움,334.5652,322.3378,326.9387,310.07623,325.66235,330.1645,343.5837,304.06412,342.3964,351.03354,389.99762,272.69434,386.44177,378.3057,459.57327,231.57004,433.99,414.91382,525.3744,193.98763,393.08453,364.73825,609.3457,290.6973,606.5336,359.66907,770.4502,274.3303,759.3101,379.43192,904.91547,315.49713,906.58405,408.22427
정면_누움,328.802,333.41138,324.24805,316.84125,320.07648,338.22882,351.28745,300.2036,342.1009,349.47928,395.2127,272.74304,385.0471,378.2251,457.4834,237.93271,423.82214,421.3307,524.1475,193.44243,414.29852,436.03314,605.97473,292.97647,598.6421,365.43707,769.5833,273.62042,755.90356,396.6766,901.93225,311.20258,898.0274,412.29276
정면_누움,330.89288,328.68118,327.75418,317.19205,320.5079,337.97778,342.37665,304.23944,331.86627,352.20102,377.2989,276.53302,385.59857,379.82092,446.4421,238.07599,453.2034,427.31235,526.452,183.27667,420.9263,369.01712,580.9171,287.89075,586.50793,349.9719,691.7604,287.08807,679.7521,382.81458,872.98444,290.21698,864.40137,363.38013
정면_누움,326.77252,324.9093,326.56097,314.09503,319.4641,331.59763,349.30737,306.52716,334.1093,347.99393,389.09583,280.5833,374.74573,386.79068,444.64066,239.09836,403.3748,435.54956,525.10583,190.6302,347.1493,389.68088,573.71204,294.27985,560.8221,356.35077,691.1816,282.3717,610.0168,381.4657,863.15515,285.82404,782.28546,366.92117
정면_누움,328.22205,327.44458,327.27484,315.02298,319.8438,332.68143,351.92273,307.455,334.04205,349.4432,393.96246,283.72858,361.09637,385.86368,447.26114,246.84839,337.28436,430.03238,531.2351,189.82884,294.96475,384.47266,575.8331,298.41443,553.4769,362.7525,712.114,275.31174,628.0648,380.08212,860.6569,279.08923,771.7716,375.0724
정면_누움,326.23248,326.80618,327.5442,314.44342,318.8576,330.68396,354.97284,309.305,333.5661,347.754,393.8429,284.72247,359.76526,386.16373,447.57825,246.83972,335.78186,429.18164,531.4216,190.65356,296.3402,387.20364,570.8472,294.12134,546.2899,357.95752,704.3494,274.39264,606.55225,382.99557,858.7364,279.10477,745.2682,380.3941
정면_누움,326.3903,323.38666,328.16748,311.9304,318.3489,328.11826,355.7946,309.52533,332.3026,347.92978,394.63,283.817,361.02417,385.16885,450.294,245.38324,336.96783,428.646,529.90656,191.20963,294.48553,384.84335,572.6401,294.46472,550.07263,357.71973,696.2827,275.97583,616.6881,381.47046,850.228,277.50958,754.4178,378.58057
정면_누움,335.8969,307.33197,331.21167,297.8344,326.3556,315.5362,343.4856,295.45602,332.3893,338.51706,376.56488,265.8069,358.18884,382.37766,452.14203,237.61661,395.3598,432.001,524.0261,195.2957,360.3283,371.2627,560.7751,290.35074,545.4479,363.78912,709.0017,260.77283,613.7078,390.60684,875.09344,277.6349,775.44165,394.0713
정면_누움,325.0258,336.66354,319.53073,325.26984,316.8972,344.00336,338.6047,307.7725,332.94138,353.69318,381.35626,274.08972,382.33667,378.2833,450.68423,237.15552,450.92773,427.34955,525.4608,189.10767,411.9251,370.78644,569.53656,288.96323,562.98724,350.64978,708.29816,279.11432,634.5374,377.34616,850.9822,281.80878,771.79584,372.15277
정면_누움,323.55902,324.89355,319.62552,314.12045,314.46082,333.30307,342.10767,304.68332,330.38043,350.68567,384.31418,276.7837,384.2088,381.07318,450.40387,237.07318,452.78357,429.74765,524.7568,187.60751,416.47137,369.8118,575.3613,290.24152,569.3787,351.84564,713.47943,277.90253,653.0031,372.64587,847.0402,282.78757,787.4787,369.12854
정면_누움,325.6879,326.21756,321.87595,315.99573,316.55243,334.2582,340.2404,307.13113,329.29404,351.03757,379.46286,280.34744,380.668,382.3761,443.66196,241.00116,452.6277,429.5302,522.70337,189.5724,416.86673,369.37567,572.1399,293.00012,567.2275,353.74258,707.0826,282.6166,645.8989,377.15515,847.8573,286.31448,791.1836,368.6495
정면_누움,324.73843,323.46753,320.27887,313.64627,316.01184,331.75095,338.88263,305.38025,330.73926,349.14093,381.17786,277.07483,381.71732,378.15213,447.6322,236.27594,450.63165,427.74805,523.49786,189.00946,418.18817,369.46112,574.4795,290.97665,569.89075,350.86414,709.82654,279.015,656.96594,367.77927,849.1997,281.93097,798.0574,362.8499
정면_누움,325.94357,325.31915,321.56714,314.61386,316.69193,333.10565,341.03687,305.79456,331.31537,350.60138,380.2911,279.34174,383.17322,381.98456,444.51224,239.76392,452.21515,431.2444,524.572,188.7256,416.1146,369.52155,570.7632,291.79242,567.78534,352.58887,710.1906,276.21384,660.87756,367.37503,840.0969,280.818,794.61975,362.16675
정면_누움,326.45203,332.0842,321.57227,320.9435,317.79205,339.56882,340.48535,305.51773,333.1623,350.69028,381.68115,275.93243,383.19073,378.28345,448.19693,234.41034,451.51825,429.04877,523.7765,187.53609,418.818,371.14514,570.0954,291.2542,567.27936,351.6634,709.9198,280.53693,663.93286,368.57593,844.5953,284.21442,805.92694,359.10944
정면_누움,324.8548,327.83704,319.7589,316.74762,315.8167,335.2179,340.09814,305.16406,331.2052,350.73813,381.69366,275.15628,383.99915,381.122,448.0418,234.39825,455.4541,431.0366,526.49176,188.03471,419.3532,371.4269,572.9225,288.597,568.4157,350.9472,711.0143,272.57333,650.5286,367.8692,843.3218,277.0895,784.0725,366.25497
정면_누움,327.03104,330.8725,321.84714,319.5855,318.38687,338.35767,340.80753,305.17114,333.48206,351.09155,379.95422,273.2292,382.65363,379.88245,447.49567,236.07462,449.33795,430.4309,526.45935,188.26443,417.1595,369.73495,568.35065,287.15564,565.7264,350.89865,705.3122,268.65143,654.10876,370.25037,841.6562,276.40622,791.51917,367.50204
정면_누움,325.682,320.89508,320.75644,311.33524,316.6907,328.82242,338.6709,304.42712,330.6092,347.77747,379.2494,275.25565,380.61053,378.6333,446.01736,235.95355,452.5512,429.84494,524.3597,188.99052,419.12766,369.14673,570.567,288.9649,565.8286,350.424,710.13135,271.451,652.0773,364.65643,845.0372,275.26758,787.432,364.26575
정면_누움,324.6283,329.1458,319.4234,318.29193,315.9084,335.9449,338.6947,306.17853,330.94867,350.11517,379.36633,277.0482,381.9294,379.92197,444.62512,237.64429,453.5786,429.99188,524.4822,188.69746,418.6255,369.54666,569.168,289.56512,564.7883,350.457,710.754,272.89233,647.78845,364.3095,844.6155,279.08026,785.6476,364.72513
정면_누움,327.02316,329.0051,321.49033,318.18237,318.22577,336.3796,339.7996,304.90585,333.34906,349.82803,381.39914,274.33603,384.83105,377.06482,447.52588,235.08368,454.0487,427.79544,526.8284,187.6575,418.79944,371.6495,573.9043,287.51154,570.62274,348.24338,713.75964,271.7475,659.5716,362.33765,845.71704,280.3274,789.77405,362.70593
